,Fecha,Estado,Producto,Ventas
738919,2024-08-11,México,Producto 20,4771
823374,2024-11-28,Jalisco,Producto 25,3733
566380,2024-01-01,Tabasco,Producto 6,2684
375073,2023-04-29,Yucatán,Producto 24,1604
155591,2022-07-20,Sinaloa,Producto 17,3368
582911,2024-01-23,Chiapas,Producto 12,1414
843092,2024-12-23,Tamaulipas,Producto 18,3517
771629,2024-09-22,Querétaro,Producto 5,4458
494169,2023-09-30,Puebla,Producto 20,3644
592708,2024-02-04,Sonora,Producto 9,3930
654252,2024-04-24,Coahuila,Producto 3,3734
50639,2022-03-07,Guerrero,Producto 15,1018
420006,2023-06-26,Yucatán,Producto 7,2623
286286,2023-01-05,Jalisco,Producto 12,3082
457075,2023-08-13,Sonora,Producto 1,2762
394218,2023-05-24,Querétaro,Producto 19,3567
780029,2024-10-03,Morelos,Producto 5,3227
530214,2023-11-16,Chiapas,Producto 15,4406
199586,2022-09-15,Nayarit,Producto 12,1768
769112,2024-09-19,Jalisco,Producto 13,2310
497772,2023-10-05,Durango,Producto 23,2432
197410,2022-09-12,San Luis Potosí,Producto 11,2505
471775,2023-09-01,Sinaloa,Producto 1,535
109311,2022-05-22,Baja California,Producto 12,2666
138541,2022-06-28,Sinaloa,Producto 17,2796
506459,2023-10-16,Morelos,Producto 10,654
437297,2023-07-19,Colima,Producto 23,1500
379540,2023-05-05,San Luis Potosí,Producto 16,4221
209297,2022-09-28,Baja California,Producto 23,755
605708,2024-02-21,Nuevo León,Producto 9,2522
830023,2024-12-06,Zacatecas,Producto 24,2191
719207,2024-07-17,Aguascalientes,Producto 8,1423
596845,2024-02-10,Campeche,Producto 21,4690
804579,2024-11-04,Chihuahua,Producto 5,4987
394906,2023-05-25,Nuevo León,Producto 7,1353
101044,2022-05-11,Hidalgo,Producto 20,3420
258895,2022-12-01,Baja California,Producto 21,1379
13534,2022-01-18,Michoacán,Producto 10,1508
541810,2023-12-01,Campeche,Producto 11,3850
101008,2022-05-11,Guerrero,Producto 9,2538
552575,2023-12-15,Aguascalientes,Producto 1,758
549013,2023-12-10,Jalisco,Producto 14,2831
16558,2022-01-22,Hidalgo,Producto 9,998
512535,2023-10-24,Guerrero,Producto 11,1925
9405,2022-01-13,Chiapas,Producto 6,3837
611357,2024-02-28,Tamaulipas,Producto 8,4111
702935,2024-06-26,Aguascalientes,Producto 11,2926
574915,2024-01-12,Tabasco,Producto 16,1035
17187,2022-01-23,Chihuahua,Producto 13,2493
414877,2023-06-20,Guerrero,Producto 3,4116
748229,2024-08-23,Michoacán,Producto 5,1783
45192,2022-02-28,Guanajuato,Producto 18,4959
737326,2024-08-09,Jalisco,Producto 2,3925
321561,2023-02-19,Veracruz,Producto 12,1176
184913,2022-08-27,Oaxaca,Producto 14,3935
351726,2023-03-30,Tamaulipas,Producto 2,4382
486250,2023-09-20,México,Producto 1,2328
666231,2024-05-09,Querétaro,Producto 7,3023
330208,2023-03-03,Baja California Sur,Producto 9,1817
192487,2022-09-06,Hidalgo,Producto 13,832
223401,2022-10-16,Durango,Producto 2,954
556123,2023-12-19,Nuevo León,Producto 24,2695
619663,2024-03-10,Nuevo León,Producto 14,4925
157238,2022-07-22,Tlaxcala,Producto 14,3703
606123,2024-02-22,Baja California Sur,Producto 24,2227
423092,2023-06-30,Veracruz,Producto 18,4834
559298,2023-12-23,Querétaro,Producto 24,3020
387306,2023-05-15,Sinaloa,Producto 7,664
98910,2022-05-08,Puebla,Producto 11,3745
732905,2024-08-03,Quintana Roo,Producto 6,3656
596031,2024-02-09,Baja California Sur,Producto 7,1845
429117,2023-07-08,Quintana Roo,Producto 18,3616
640201,2024-04-06,Baja California Sur,Producto 2,3296
519013,2023-11-01,Quintana Roo,Producto 14,904
367090,2023-04-19,Querétaro,Producto 16,3963
207373,2022-09-25,Nuevo León,Producto 24,4875
478465,2023-09-10,Hidalgo,Producto 16,3813
254542,2022-11-25,México,Producto 18,4671
105527,2022-05-17,Chihuahua,Producto 3,3949
216330,2022-10-07,Chiapas,Producto 6,671
150825,2022-07-14,Puebla,Producto 1,4943
333188,2023-03-06,Veracruz,Producto 14,2556
587988,2024-01-29,Quintana Roo,Producto 14,614
697253,2024-06-18,Quintana Roo,Producto 4,3208
629321,2024-03-23,Aguascalientes,Producto 22,2016
690350,2024-06-09,Sonora,Producto 1,3768
178904,2022-08-19,Tamaulipas,Producto 5,1221
652100,2024-04-21,México,Producto 1,3970
410896,2023-06-15,Chihuahua,Producto 22,2175
666038,2024-05-09,Jalisco,Producto 14,4180
751060,2024-08-27,Campeche,Producto 11,1863
322331,2023-02-20,Veracruz,Producto 7,3592
363346,2023-04-14,Tabasco,Producto 22,2974
157085,2022-07-22,Quintana Roo,Producto 11,583
265903,2022-12-10,Campeche,Producto 4,1260
719451,2024-07-17,Guerrero,Producto 2,3217
13894,2022-01-18,Veracruz,Producto 20,3509
599970,2024-02-14,Chiapas,Producto 21,2526
315400,2023-02-11,Zacatecas,Producto 1,4605
417792,2023-06-24,Baja California Sur,Producto 18,4335
158072,2022-07-23,Yucatán,Producto 23,3383
111504,2022-05-24,Tlaxcala,Producto 5,3128
715961,2024-07-12,Tabasco,Producto 12,3374
461062,2023-08-18,Veracruz,Producto 13,2447
306009,2023-01-30,Tamaulipas,Producto 10,1768
653630,2024-04-23,Jalisco,Producto 6,1362
419553,2023-06-26,Hidalgo,Producto 4,2243
830712,2024-12-07,Tlaxcala,Producto 13,3348
221623,2022-10-13,Yucatán,Producto 24,524
598825,2024-02-12,Quintana Roo,Producto 1,3272
415469,2023-06-21,Baja California Sur,Producto 20,2417
102319,2022-05-13,Aguascalientes,Producto 20,1101
498766,2023-10-06,Nuevo León,Producto 17,4966
641461,2024-04-07,Quintana Roo,Producto 12,668
382180,2023-05-09,Chiapas,Producto 6,4406
671531,2024-05-16,Morelos,Producto 7,531
828988,2024-12-05,Querétaro,Producto 14,962
632004,2024-03-26,Morelos,Producto 5,2327
217228,2022-10-08,Guanajuato,Producto 4,980
297735,2023-01-20,Chihuahua,Producto 11,2724
403203,2023-06-05,Durango,Producto 4,4483
758534,2024-09-05,Sinaloa,Producto 10,4753
335884,2023-03-10,Jalisco,Producto 10,1993
789723,2024-10-15,Zacatecas,Producto 24,3857
161230,2022-07-28,Baja California,Producto 6,4304
396278,2023-05-27,Guerrero,Producto 4,4565
840571,2024-12-20,Oaxaca,Producto 22,2296
751207,2024-08-27,Guanajuato,Producto 8,2466
82189,2022-04-17,Baja California,Producto 15,2767
833333,2024-12-11,Durango,Producto 9,3631
65132,2022-03-26,Baja California,Producto 8,1270
148965,2022-07-12,Coahuila,Producto 16,2015
607999,2024-02-24,Morelos,Producto 25,3171
823656,2024-11-28,Sonora,Producto 7,3766
337361,2023-03-12,Guanajuato,Producto 12,2517
393898,2023-05-24,Colima,Producto 24,4138
502428,2023-10-11,Guanajuato,Producto 4,4590
21919,2022-01-29,Durango,Producto 20,3803
137824,2022-06-27,Tabasco,Producto 25,635
636417,2024-04-01,Chihuahua,Producto 18,3165
733856,2024-08-04,Veracruz,Producto 7,3762
281272,2022-12-29,Veracruz,Producto 23,3311
224861,2022-10-18,Chiapas,Producto 12,2316
317158,2023-02-14,Colima,Producto 9,4070
515029,2023-10-27,Nuevo León,Producto 5,797
752585,2024-08-29,Baja California Sur,Producto 11,1657
354183,2023-04-03,Aguascalientes,Producto 9,3314
632869,2024-03-27,Oaxaca,Producto 20,1774
168637,2022-08-06,Oaxaca,Producto 13,2678
373910,2023-04-28,Michoacán,Producto 11,4729
267717,2022-12-12,México,Producto 18,2066
327207,2023-02-27,Coahuila,Producto 8,2477
758378,2024-09-05,Nuevo León,Producto 4,626
719317,2024-07-17,Chiapas,Producto 18,1079
556238,2023-12-19,San Luis Potosí,Producto 14,4839
606828,2024-02-23,Aguascalientes,Producto 4,1184
719712,2024-07-17,Querétaro,Producto 13,1106
568341,2024-01-04,Guerrero,Producto 17,1776
173014,2022-08-12,Colima,Producto 15,2945
803983,2024-11-03,Jalisco,Producto 9,3784
344914,2023-03-22,Baja California,Producto 15,592
287586,2023-01-07,Baja California Sur,Producto 12,4347
826948,2024-12-03,Aguascalientes,Producto 24,1541
216325,2022-10-07,Chiapas,Producto 1,4789
403494,2023-06-05,Puebla,Producto 20,4947
73863,2022-04-06,Guanajuato,Producto 14,2825
360165,2023-04-10,San Luis Potosí,Producto 16,1224
493498,2023-09-29,Sinaloa,Producto 24,2540
231078,2022-10-26,Chihuahua,Producto 4,3717
332528,2023-03-06,Baja California Sur,Producto 4,869
292771,2023-01-13,Sinaloa,Producto 22,1134
319731,2023-02-17,Nuevo León,Producto 7,4593
317640,2023-02-14,Tamaulipas,Producto 16,2166
355848,2023-04-05,Chiapas,Producto 24,4425
425018,2023-07-03,Jalisco,Producto 19,3285
841181,2024-12-21,Jalisco,Producto 7,2983
670224,2024-05-14,Sonora,Producto 25,4566
115585,2022-05-30,Chiapas,Producto 11,4168
476548,2023-09-07,Tlaxcala,Producto 24,3374
541646,2023-11-30,Tlaxcala,Producto 22,4386
421068,2023-06-28,Guanajuato,Producto 19,4806
49114,2022-03-05,Hidalgo,Producto 15,899
417151,2023-06-23,Durango,Producto 2,4618
387103,2023-05-15,Morelos,Producto 4,4205
411396,2023-06-15,Tabasco,Producto 22,1068
497694,2023-10-05,Chihuahua,Producto 20,2193
46801,2022-03-02,Jalisco,Producto 2,531
686993,2024-06-05,México,Producto 19,520
411089,2023-06-15,México,Producto 15,2790
490777,2023-09-26,Durango,Producto 3,3247
176513,2022-08-16,Sinaloa,Producto 14,3589
241490,2022-11-08,Oaxaca,Producto 16,1492
407517,2023-06-10,Tabasco,Producto 18,4525
425084,2023-07-03,Morelos,Producto 10,1152
838230,2024-12-17,Oaxaca,Producto 6,697
69059,2022-03-31,Campeche,Producto 10,1395
308648,2023-02-03,Colima,Producto 24,4964
493101,2023-09-29,Durango,Producto 2,1113
195957,2022-09-10,Tamaulipas,Producto 8,4780
358747,2023-04-08,Tlaxcala,Producto 23,3292
475177,2023-09-06,Chiapas,Producto 3,575
409276,2023-06-13,Campeche,Producto 2,636
713900,2024-07-10,Chihuahua,Producto 1,1641
94767,2022-05-03,Durango,Producto 18,1078
703284,2024-06-26,Michoacán,Producto 10,3967
199612,2022-09-15,Nuevo León,Producto 13,1337
291231,2023-01-11,Sonora,Producto 7,573
540236,2023-11-29,Baja California Sur,Producto 12,1990
7480,2022-01-10,Querétaro,Producto 6,1083
8809,2022-01-12,Hidalgo,Producto 10,2025
624848,2024-03-17,Colima,Producto 24,2731
847854,2024-12-30,Aguascalientes,Producto 5,2164
218941,2022-10-10,Morelos,Producto 17,676
687201,2024-06-05,San Luis Potosí,Producto 2,2117
262679,2022-12-05,Yucatán,Producto 5,3855
95532,2022-05-04,Durango,Producto 8,3746
780145,2024-10-03,Puebla,Producto 21,1925
688193,2024-06-06,Zacatecas,Producto 19,3953
93798,2022-05-02,Aguascalientes,Producto 24,4168
320517,2023-02-18,Nuevo León,Producto 18,1779
428339,2023-07-07,Quintana Roo,Producto 15,4436
217660,2022-10-08,Tamaulipas,Producto 11,4932
638906,2024-04-04,Jalisco,Producto 7,1331
318003,2023-02-15,Guerrero,Producto 4,3979
604426,2024-02-19,Veracruz,Producto 2,3204
297991,2023-01-20,Morelos,Producto 17,2529
637748,2024-04-02,Tlaxcala,Producto 24,1239
378264,2023-05-04,Baja California Sur,Producto 15,2414
574771,2024-01-12,Puebla,Producto 22,532
496233,2023-10-03,Guanajuato,Producto 9,1686
392803,2023-05-22,Tamaulipas,Producto 4,4728
660259,2024-05-01,Yucatán,Producto 10,4058
268836,2022-12-13,Tlaxcala,Producto 12,1921
624229,2024-03-16,Michoacán,Producto 5,3406
389564,2023-05-18,Querétaro,Producto 15,4510
406770,2023-06-09,Tamaulipas,Producto 21,1537
702786,2024-06-25,Tabasco,Producto 12,4542
182152,2022-08-24,Baja California,Producto 3,4464
61648,2022-03-21,Nayarit,Producto 24,3635
440567,2023-07-23,Michoacán,Producto 18,4619
215103,2022-10-05,Nuevo León,Producto 4,892
559645,2023-12-24,Campeche,Producto 21,3675
396539,2023-05-27,Querétaro,Producto 15,3597
281687,2022-12-30,Michoacán,Producto 13,1164
495601,2023-10-02,Morelos,Producto 2,554
199535,2022-09-15,Michoacán,Producto 11,1469
606750,2024-02-22,Veracruz,Producto 1,3937
510024,2023-10-21,Baja California Sur,Producto 25,3776
159707,2022-07-26,Baja California Sur,Producto 8,3710
255943,2022-11-27,Colima,Producto 19,4969
343719,2023-03-20,Morelos,Producto 20,737
655328,2024-04-25,Oaxaca,Producto 4,1956
461200,2023-08-19,Campeche,Producto 1,551
124840,2022-06-11,Baja California Sur,Producto 16,2208
761267,2024-09-09,Durango,Producto 18,4260
219079,2022-10-10,Quintana Roo,Producto 5,4179
320203,2023-02-18,Chihuahua,Producto 4,1801
127459,2022-06-14,Michoacán,Producto 10,916
632637,2024-03-27,Guanajuato,Producto 13,4783
489780,2023-09-24,Zacatecas,Producto 6,3391
652011,2024-04-21,Guanajuato,Producto 12,1355
164018,2022-07-31,Puebla,Producto 19,1231
673181,2024-05-18,Puebla,Producto 7,2126
116008,2022-05-30,Quintana Roo,Producto 9,519
736092,2024-08-07,Sonora,Producto 18,3302
432866,2023-07-13,Nayarit,Producto 17,2366
224412,2022-10-17,Nuevo León,Producto 13,4263
668232,2024-05-12,Colima,Producto 8,1642
575413,2024-01-13,Michoacán,Producto 14,2782
115565,2022-05-30,Campeche,Producto 16,2215
376177,2023-05-01,Jalisco,Producto 3,1402
685635,2024-06-03,Quintana Roo,Producto 11,1590
426633,2023-07-05,Morelos,Producto 9,4179
836285,2024-12-15,Baja California Sur,Producto 11,3284
143527,2022-07-05,Coahuila,Producto 3,2305
22741,2022-01-30,Guerrero,Producto 17,4754
177023,2022-08-17,Jalisco,Producto 24,3145
377565,2023-05-03,Chihuahua,Producto 16,2061
379330,2023-05-05,Michoacán,Producto 6,4944
749551,2024-08-25,Chihuahua,Producto 2,1715
431725,2023-07-12,Baja California Sur,Producto 1,1436
474114,2023-09-04,Sinaloa,Producto 15,4083
783944,2024-10-08,Nayarit,Producto 20,2682
789940,2024-10-16,Durango,Producto 16,2876
337703,2023-03-12,Sinaloa,Producto 4,551
247760,2022-11-16,Quintana Roo,Producto 11,3773
596383,2024-02-09,Nayarit,Producto 9,2501
577108,2024-01-15,Querétaro,Producto 9,2313
771522,2024-09-22,Morelos,Producto 23,1671
451831,2023-08-07,Aguascalientes,Producto 7,4720
353917,2023-04-02,Querétaro,Producto 18,4669
614509,2024-03-03,Veracruz,Producto 10,2553
629012,2024-03-22,Puebla,Producto 13,4259
515346,2023-10-27,Yucatán,Producto 22,4813
255260,2022-11-26,Hidalgo,Producto 11,4238
839496,2024-12-19,Coahuila,Producto 22,3863
752897,2024-08-29,Michoacán,Producto 23,3345
209056,2022-09-27,Sinaloa,Producto 7,579
672996,2024-05-18,Hidalgo,Producto 22,2042
748015,2024-08-23,Chihuahua,Producto 16,1151
31474,2022-02-10,Oaxaca,Producto 25,2594
260410,2022-12-03,Aguascalientes,Producto 11,3930
526457,2023-11-11,Guanajuato,Producto 8,3458
618096,2024-03-08,Nayarit,Producto 22,1586
532598,2023-11-19,Coahuila,Producto 24,2149
347030,2023-03-24,Sonora,Producto 6,2855
56166,2022-03-14,Michoacán,Producto 17,3757
179655,2022-08-20,Tabasco,Producto 6,4025
777680,2024-09-30,Michoacán,Producto 6,3104
5386,2022-01-07,Yucatán,Producto 12,2037
731090,2024-08-01,Guerrero,Producto 16,1430
592141,2024-02-04,Baja California,Producto 17,3257
465955,2023-08-25,Colima,Producto 6,3188
334213,2023-03-08,Colima,Producto 14,3013
418698,2023-06-25,Colima,Producto 24,3745
556623,2023-12-20,Coahuila,Producto 24,2801
455975,2023-08-12,Hidalgo,Producto 1,4629
442531,2023-07-26,Aguascalientes,Producto 7,3199
826281,2024-12-02,Chihuahua,Producto 7,3811
5623,2022-01-08,Colima,Producto 24,1069
4170,2022-01-06,Hidalgo,Producto 21,2966
276236,2022-12-23,México,Producto 12,1267
556155,2023-12-19,Puebla,Producto 6,3556
219809,2022-10-11,Puebla,Producto 10,3327
576972,2024-01-15,Michoacán,Producto 23,2352
210739,2022-09-29,Veracruz,Producto 15,2629
274544,2022-12-21,Colima,Producto 20,3342
441533,2023-07-24,San Luis Potosí,Producto 9,856
560866,2023-12-25,Quintana Roo,Producto 17,1132
542673,2023-12-02,Coahuila,Producto 24,2078
76673,2022-04-09,Veracruz,Producto 24,3623
284674,2023-01-03,Guanajuato,Producto 25,845
811154,2024-11-12,Querétaro,Producto 5,1827
470158,2023-08-30,Querétaro,Producto 9,3296
123798,2022-06-09,San Luis Potosí,Producto 24,4483
626510,2024-03-19,Jalisco,Producto 11,3904
337542,2023-03-12,Nayarit,Producto 18,4628
186248,2022-08-29,Guanajuato,Producto 24,1935
90753,2022-04-28,Campeche,Producto 4,4184
226061,2022-10-19,Quintana Roo,Producto 12,3094
104441,2022-05-15,Sinaloa,Producto 17,4650
273419,2022-12-19,Sonora,Producto 20,4667
761492,2024-09-09,Nuevo León,Producto 18,2494
82351,2022-04-17,Durango,Producto 2,786
313663,2023-02-09,San Luis Potosí,Producto 14,2918
72417,2022-04-04,México,Producto 18,4892
741513,2024-08-14,Sonora,Producto 14,3242
529264,2023-11-14,Veracruz,Producto 15,1096
846692,2024-12-28,Morelos,Producto 18,2957
417026,2023-06-23,Campeche,Producto 2,2551
374640,2023-04-29,Jalisco,Producto 16,2243
16545,2022-01-22,Guerrero,Producto 21,3532
110910,2022-05-24,Campeche,Producto 11,4743
427252,2023-07-06,Guanajuato,Producto 3,4479
592463,2024-02-04,Michoacán,Producto 14,3024
675303,2024-05-21,Hidalgo,Producto 4,1066
822515,2024-11-27,Guanajuato,Producto 16,1368
672276,2024-05-17,Michoacán,Producto 2,1854
199046,2022-09-14,Tabasco,Producto 22,4209
452872,2023-08-08,Guerrero,Producto 23,2366
3416,2022-01-05,Jalisco,Producto 17,3168
556830,2023-12-20,Morelos,Producto 6,4956
549165,2023-12-10,Oaxaca,Producto 16,3107
518931,2023-11-01,Oaxaca,Producto 7,4667
713426,2024-07-09,Nuevo León,Producto 2,4262
701793,2024-06-24,Nayarit,Producto 19,696
338216,2023-03-13,Jalisco,Producto 17,1107
208892,2022-09-27,Nayarit,Producto 18,4600
196945,2022-09-12,Campeche,Producto 21,542
333736,2023-03-07,Puebla,Producto 12,3631
416484,2023-06-22,Jalisco,Producto 10,3711
638399,2024-04-03,San Luis Potosí,Producto 25,2538
612500,2024-03-01,Guerrero,Producto 1,1454
373267,2023-04-27,Puebla,Producto 18,3854
91565,2022-04-29,Chiapas,Producto 16,4939
150239,2022-07-13,Tamaulipas,Producto 15,1810
632182,2024-03-26,San Luis Potosí,Producto 8,3120
783627,2024-10-08,Chiapas,Producto 3,1998
586030,2024-01-27,Chihuahua,Producto 6,1693
72544,2022-04-04,Oaxaca,Producto 20,852
325304,2023-02-24,Sinaloa,Producto 5,2665
400051,2023-06-01,Coahuila,Producto 2,3568
263094,2022-12-06,Michoacán,Producto 20,1116
318521,2023-02-15,Zacatecas,Producto 22,3499
464125,2023-08-22,Tlaxcala,Producto 1,4610
111321,2022-05-24,Puebla,Producto 22,3869
170312,2022-08-08,Sinaloa,Producto 13,2687
217754,2022-10-08,Zacatecas,Producto 5,1578
695962,2024-06-17,Aguascalientes,Producto 13,859
443580,2023-07-27,Hidalgo,Producto 6,4868
119445,2022-06-04,Campeche,Producto 21,2680
468252,2023-08-28,Coahuila,Producto 3,1802
313777,2023-02-09,Tlaxcala,Producto 3,4017
39477,2022-02-20,Yucatán,Producto 3,1514
250392,2022-11-20,Baja California Sur,Producto 18,3726
112696,2022-05-26,Jalisco,Producto 22,1169
213300,2022-10-03,Colima,Producto 1,1680
294301,2023-01-15,Sinaloa,Producto 2,4285
310089,2023-02-05,Campeche,Producto 15,1818
758685,2024-09-05,Yucatán,Producto 11,2737
349316,2023-03-27,San Luis Potosí,Producto 17,4173
400658,2023-06-01,Zacatecas,Producto 9,1989
549322,2023-12-10,Sonora,Producto 23,2861
785542,2024-10-10,Oaxaca,Producto 18,3439
90228,2022-04-27,México,Producto 4,4352
705546,2024-06-29,Hidalgo,Producto 22,3891
212541,2022-10-02,Colima,Producto 17,4885
123564,2022-06-09,México,Producto 15,4053
34489,2022-02-14,Morelos,Producto 15,4464
532071,2023-11-18,Nayarit,Producto 22,2460
355381,2023-04-04,Nuevo León,Producto 7,1447
383803,2023-05-11,Colima,Producto 4,4441
190916,2022-09-04,Guerrero,Producto 17,4890
243516,2022-11-11,Coahuila,Producto 17,3151
202062,2022-09-18,San Luis Potosí,Producto 13,2936
644802,2024-04-12,Aguascalientes,Producto 3,4677
650610,2024-04-19,Morelos,Producto 11,3660
609711,2024-02-26,San Luis Potosí,Producto 12,4951
464973,2023-08-23,Yucatán,Producto 24,3877
487773,2023-09-22,Hidalgo,Producto 24,4190
617960,2024-03-08,Hidalgo,Producto 11,1285
229858,2022-10-24,Oaxaca,Producto 9,3732
75869,2022-04-08,Tlaxcala,Producto 20,3228
635645,2024-03-31,Chihuahua,Producto 21,1487
780686,2024-10-04,Guerrero,Producto 12,1155
117732,2022-06-01,Veracruz,Producto 8,4439
782691,2024-10-06,Veracruz,Producto 17,820
34764,2022-02-14,Tamaulipas,Producto 15,2967
384201,2023-05-11,Sinaloa,Producto 2,3236
249809,2022-11-19,Guerrero,Producto 10,604
270839,2022-12-16,Michoacán,Producto 15,3025
590492,2024-02-01,Veracruz,Producto 18,1169
51984,2022-03-09,Baja California Sur,Producto 10,2654
491958,2023-09-27,Sonora,Producto 9,1047
837393,2024-12-16,Morelos,Producto 19,1921
307119,2023-02-01,Durango,Producto 20,4042
490866,2023-09-26,Hidalgo,Producto 17,1827
481622,2023-09-14,México,Producto 23,972
355781,2023-04-05,Baja California Sur,Producto 7,4433
137424,2022-06-27,Guanajuato,Producto 25,3305
107069,2022-05-19,Chiapas,Producto 20,4672
755648,2024-09-02,Aguascalientes,Producto 24,2170
695433,2024-06-16,Guerrero,Producto 9,4116
260577,2022-12-03,Colima,Producto 3,4160
518679,2023-11-01,Durango,Producto 5,4756
154483,2022-07-19,Guerrero,Producto 9,1751
804667,2024-11-04,Durango,Producto 18,1004
449453,2023-08-03,Yucatán,Producto 4,1486
438502,2023-07-20,Tabasco,Producto 3,902
142300,2022-07-03,Puebla,Producto 1,4764
800576,2024-10-30,Aguascalientes,Producto 2,882
69677,2022-03-31,Veracruz,Producto 3,4202
704350,2024-06-27,Tamaulipas,Producto 1,4842
69663,2022-03-31,Tlaxcala,Producto 14,3420
519588,2023-11-02,México,Producto 14,875
526524,2023-11-11,Hidalgo,Producto 25,607
323158,2023-02-21,Zacatecas,Producto 9,4362
187564,2022-08-31,Aguascalientes,Producto 15,994
577366,2024-01-15,Zacatecas,Producto 17,582
393636,2023-05-23,Veracruz,Producto 12,2625
686220,2024-06-04,México,Producto 21,3412
609272,2024-02-26,Chiapas,Producto 23,4113
662293,2024-05-04,Nuevo León,Producto 19,3803
250242,2022-11-19,Tlaxcala,Producto 18,675
292620,2023-01-13,Nuevo León,Producto 21,3793
118795,2022-06-03,Durango,Producto 21,2114
416782,2023-06-22,Sonora,Producto 8,765
293615,2023-01-14,Tamaulipas,Producto 16,2590
572139,2024-01-09,Colima,Producto 15,4369
418045,2023-06-24,Jalisco,Producto 21,3583
149123,2022-07-12,Jalisco,Producto 24,4364
83561,2022-04-18,Tabasco,Producto 12,4147
351402,2023-03-30,México,Producto 3,1751
200138,2022-09-16,Colima,Producto 14,4941
168199,2022-08-06,Aguascalientes,Producto 25,2147
709426,2024-07-04,Jalisco,Producto 2,4934
428005,2023-07-07,Durango,Producto 6,2911
394166,2023-05-24,Oaxaca,Producto 17,594
481987,2023-09-14,Veracruz,Producto 13,848
391504,2023-05-21,Chihuahua,Producto 5,2207
139694,2022-06-30,Colima,Producto 20,2394
507193,2023-10-17,México,Producto 19,2053
101838,2022-05-12,Jalisco,Producto 14,1626
239039,2022-11-05,México,Producto 15,3993
552001,2023-12-14,Durango,Producto 2,2321
332812,2023-03-06,México,Producto 13,4630
321897,2023-02-20,Guerrero,Producto 23,2786
477647,2023-09-09,Guanajuato,Producto 23,2989
261070,2022-12-03,Tamaulipas,Producto 21,4685
758927,2024-09-06,Durango,Producto 3,2489
309432,2023-02-04,Durango,Producto 8,1732
426437,2023-07-05,Colima,Producto 13,824
303031,2023-01-27,Aguascalientes,Producto 7,4828
131269,2022-06-19,Hidalgo,Producto 20,3988
604261,2024-02-19,Quintana Roo,Producto 12,4377
342392,2023-03-18,Sonora,Producto 18,1014
284011,2023-01-02,Michoacán,Producto 12,1150
44490,2022-02-27,Jalisco,Producto 16,3806
34007,2022-02-13,Tlaxcala,Producto 8,4447
478287,2023-09-10,Chiapas,Producto 13,4575
313969,2023-02-10,Campeche,Producto 20,3218
482386,2023-09-15,México,Producto 12,3053
15908,2022-01-21,Nayarit,Producto 9,3410
768044,2024-09-18,Aguascalientes,Producto 20,1971
742697,2024-08-16,Guanajuato,Producto 23,2636
455620,2023-08-11,Tlaxcala,Producto 21,1055
739293,2024-08-11,Veracruz,Producto 19,4665
299511,2023-01-22,Michoacán,Producto 12,625
479609,2023-09-11,Tamaulipas,Producto 10,3361
562959,2023-12-28,Jalisco,Producto 10,2949
196351,2022-09-11,Hidalgo,Producto 2,1512
432000,2023-07-12,México,Producto 1,4584
586725,2024-01-28,Baja California Sur,Producto 1,4265
399805,2023-05-31,Tlaxcala,Producto 6,2095
166538,2022-08-03,Tlaxcala,Producto 14,1198
16212,2022-01-21,Veracruz,Producto 13,1415
674593,2024-05-20,México,Producto 19,3431
419205,2023-06-25,Veracruz,Producto 6,4685
46789,2022-03-02,Hidalgo,Producto 15,4252
7023,2022-01-10,Baja California,Producto 24,1609
237149,2022-11-02,Zacatecas,Producto 25,2154
574051,2024-01-11,San Luis Potosí,Producto 2,1173
673157,2024-05-18,Oaxaca,Producto 8,3916
556340,2023-12-19,Tamaulipas,Producto 16,1047
604132,2024-02-19,Nayarit,Producto 8,2351
412361,2023-06-17,Baja California Sur,Producto 12,2508
416242,2023-06-22,Baja California Sur,Producto 18,2024
770077,2024-09-20,Querétaro,Producto 3,2955
707820,2024-07-02,Guanajuato,Producto 21,1979
282269,2022-12-31,Coahuila,Producto 20,2058
146490,2022-07-09,Aguascalientes,Producto 16,4386
541561,2023-11-30,Sonora,Producto 12,2459
835391,2024-12-13,Veracruz,Producto 17,3863
306076,2023-01-30,Yucatán,Producto 2,3112
122423,2022-06-07,Yucatán,Producto 24,3335
325670,2023-02-25,Coahuila,Producto 21,891
2139,2022-01-03,Sinaloa,Producto 15,1922
106440,2022-05-18,Guerrero,Producto 16,625
329042,2023-03-01,Nuevo León,Producto 18,973
465427,2023-08-24,Nuevo León,Producto 3,1889
259089,2022-12-01,Guanajuato,Producto 15,4095
135101,2022-06-24,Guerrero,Producto 2,4924
305095,2023-01-29,Querétaro,Producto 21,769
823845,2024-11-29,Aguascalientes,Producto 21,2921
611854,2024-02-29,Morelos,Producto 5,2262
661336,2024-05-03,Guerrero,Producto 12,2780
345753,2023-03-23,Chiapas,Producto 4,3115
606431,2024-02-22,Morelos,Producto 7,3720
159359,2022-07-25,Puebla,Producto 10,1696
383505,2023-05-10,Tamaulipas,Producto 6,601
500508,2023-10-08,Tabasco,Producto 9,2542
188929,2022-09-01,Sonora,Producto 5,4564
452039,2023-08-07,Durango,Producto 15,1990
799181,2024-10-28,Coahuila,Producto 7,1075
329219,2023-03-01,Sonora,Producto 20,3531
435756,2023-07-17,Durango,Producto 7,3074
643641,2024-04-10,Morelos,Producto 17,4893
81118,2022-04-15,Querétaro,Producto 19,4278
830266,2024-12-07,Guanajuato,Producto 17,2769
769238,2024-09-19,Nuevo León,Producto 14,614
383832,2023-05-11,Durango,Producto 8,4226
577471,2024-01-16,Campeche,Producto 22,3575
64542,2022-03-25,Durango,Producto 18,784
226910,2022-10-20,Sonora,Producto 11,2307
568158,2024-01-04,Campeche,Producto 9,1009
291248,2023-01-11,Sonora,Producto 24,2980
445903,2023-07-30,Hidalgo,Producto 4,3543
19055,2022-01-25,Oaxaca,Producto 6,2694
336997,2023-03-11,Tabasco,Producto 23,2558
190297,2022-09-03,Nayarit,Producto 23,1072
744146,2024-08-18,Chihuahua,Producto 22,1778
279475,2022-12-27,Puebla,Producto 1,3937
743545,2024-08-17,Jalisco,Producto 21,4895
759111,2024-09-06,Morelos,Producto 12,2155
62312,2022-03-22,Jalisco,Producto 13,4956
779609,2024-10-02,Yucatán,Producto 10,3169
460545,2023-08-18,Colima,Producto 21,717
769894,2024-09-20,Jalisco,Producto 20,4845
297592,2023-01-19,Zacatecas,Producto 18,4887
193885,2022-09-08,Chihuahua,Producto 11,2048
349544,2023-03-28,Aguascalientes,Producto 20,3432
12400,2022-01-17,Aguascalientes,Producto 1,2214
582789,2024-01-22,Zacatecas,Producto 15,4157
298621,2023-01-21,Guanajuato,Producto 22,1952
772952,2024-09-24,Hidalgo,Producto 3,2413
234192,2022-10-30,Chihuahua,Producto 18,4399
67777,2022-03-29,Michoacán,Producto 3,2079
677365,2024-05-24,Aguascalientes,Producto 16,1775
511743,2023-10-23,Guanajuato,Producto 19,4760
137124,2022-06-26,Veracruz,Producto 25,3156
217915,2022-10-09,Chihuahua,Producto 16,3892
220130,2022-10-12,Baja California,Producto 6,573
285046,2023-01-03,Sonora,Producto 22,2542
663947,2024-05-06,Quintana Roo,Producto 23,1706
157328,2022-07-23,Aguascalientes,Producto 4,2970
788226,2024-10-14,Baja California Sur,Producto 2,4737
10793,2022-01-14,Veracruz,Producto 19,4553
543424,2023-12-03,Chihuahua,Producto 25,1198
28559,2022-02-06,Tamaulipas,Producto 10,2554
562483,2023-12-27,Sonora,Producto 9,605
567268,2024-01-02,Yucatán,Producto 19,1179
722526,2024-07-21,Guanajuato,Producto 2,4260
683898,2024-06-01,México,Producto 24,3152
451446,2023-08-06,Morelos,Producto 22,1486
557658,2023-12-21,Nuevo León,Producto 9,606
308481,2023-02-03,Baja California,Producto 7,1351
625856,2024-03-18,Nuevo León,Producto 7,1600
199171,2022-09-14,Zacatecas,Producto 22,2860
53535,2022-03-11,Baja California Sur,Producto 11,610
374693,2023-04-29,Michoacán,Producto 19,1200
275948,2022-12-23,Baja California,Producto 24,3946
154430,2022-07-19,Durango,Producto 6,3468
816066,2024-11-18,Zacatecas,Producto 17,656
488429,2023-09-23,Colima,Producto 5,1790
452009,2023-08-07,Colima,Producto 10,677
26401,2022-02-04,Baja California Sur,Producto 2,2484
43659,2022-02-26,Guerrero,Producto 10,4416
161920,2022-07-28,Veracruz,Producto 21,2914
838960,2024-12-18,Nayarit,Producto 11,2746
781064,2024-10-04,Tabasco,Producto 15,4228
196704,2022-09-11,Tabasco,Producto 5,858
485536,2023-09-19,Morelos,Producto 12,2786
264075,2022-12-07,Sinaloa,Producto 1,4117
782072,2024-10-06,Campeche,Producto 23,3015
459673,2023-08-17,Campeche,Producto 24,1521
828103,2024-12-04,Nayarit,Producto 4,3014
702205,2024-06-25,Baja California Sur,Producto 6,1822
322265,2023-02-20,Tabasco,Producto 16,2861
478119,2023-09-09,Veracruz,Producto 20,665
431716,2023-07-12,Baja California,Producto 17,3094
8297,2022-01-11,Quintana Roo,Producto 23,4273
107303,2022-05-19,Michoacán,Producto 4,3207
786331,2024-10-11,Puebla,Producto 7,1262
338976,2023-03-14,Jalisco,Producto 2,4084
758002,2024-09-05,Baja California Sur,Producto 3,601
223945,2022-10-16,Yucatán,Producto 21,3952
638170,2024-04-03,México,Producto 21,3985
135931,2022-06-25,Jalisco,Producto 7,2440
706268,2024-06-30,Guanajuato,Producto 19,1345
198814,2022-09-14,Nayarit,Producto 15,903
144176,2022-07-06,Baja California,Producto 2,523
446861,2023-07-31,Oaxaca,Producto 12,3641
333752,2023-03-07,Querétaro,Producto 3,2804
307553,2023-02-01,Tamaulipas,Producto 4,1066
316757,2023-02-13,San Luis Potosí,Producto 8,4095
65169,2022-03-26,Baja California Sur,Producto 20,1879
768889,2024-09-19,Campeche,Producto 15,2209
447050,2023-07-31,Tamaulipas,Producto 1,1222
348030,2023-03-26,Baja California Sur,Producto 6,2229
186704,2022-08-29,Veracruz,Producto 5,3166
235974,2022-11-01,Michoacán,Producto 25,840
455604,2023-08-11,Tlaxcala,Producto 5,1781
422844,2023-06-30,Oaxaca,Producto 20,2163
725421,2024-07-25,Aguascalientes,Producto 22,898
497885,2023-10-05,México,Producto 11,593
679496,2024-05-26,Sinaloa,Producto 22,980
142103,2022-07-03,Hidalgo,Producto 4,4663
58058,2022-03-16,Veracruz,Producto 9,3633
140798,2022-07-01,Querétaro,Producto 24,3044
222852,2022-10-15,Nuevo León,Producto 3,3808
116485,2022-05-31,Guanajuato,Producto 11,3706
203366,2022-09-20,Jalisco,Producto 17,4241
368508,2023-04-21,Morelos,Producto 9,1497
432452,2023-07-13,Aguascalientes,Producto 3,1757
617369,2024-03-07,Oaxaca,Producto 20,1271
730624,2024-07-31,San Luis Potosí,Producto 25,942
352537,2023-03-31,Tlaxcala,Producto 13,3550
182924,2022-08-25,Aguascalientes,Producto 25,4046
569825,2024-01-06,Durango,Producto 1,3102
297042,2023-01-19,Durango,Producto 18,535
444045,2023-07-27,Yucatán,Producto 21,3168
797362,2024-10-25,Tamaulipas,Producto 13,3120
101340,2022-05-11,Sinaloa,Producto 16,1501
514942,2023-10-27,México,Producto 18,3190
300353,2023-01-23,Nuevo León,Producto 4,1393
509140,2023-10-19,Yucatán,Producto 16,1058
315273,2023-02-11,Sonora,Producto 24,2312
829126,2024-12-05,Tamaulipas,Producto 2,2463
300231,2023-01-23,Jalisco,Producto 7,1527
108774,2022-05-21,Guerrero,Producto 25,819
641685,2024-04-07,Zacatecas,Producto 11,2610
730613,2024-07-31,San Luis Potosí,Producto 14,3852
357325,2023-04-07,Baja California Sur,Producto 1,3221
2244,2022-01-03,Tlaxcala,Producto 20,2029
661089,2024-05-03,Aguascalientes,Producto 15,1323
804670,2024-11-04,Durango,Producto 21,735
407422,2023-06-10,Quintana Roo,Producto 23,4989
684327,2024-06-02,Aguascalientes,Producto 3,4776
621581,2024-03-13,Baja California,Producto 7,4092
802796,2024-11-01,Tamaulipas,Producto 22,4005
579556,2024-01-18,Tabasco,Producto 7,2161
559010,2023-12-23,Guanajuato,Producto 11,578
685120,2024-06-03,Aguascalientes,Producto 21,1947
289084,2023-01-09,Aguascalientes,Producto 10,3119
262239,2022-12-05,Hidalgo,Producto 15,1535
176777,2022-08-17,Campeche,Producto 3,4581
111760,2022-05-25,Coahuila,Producto 11,2588
702895,2024-06-25,Yucatán,Producto 21,1289
601224,2024-02-15,Sinaloa,Producto 25,1699
125973,2022-06-12,Nayarit,Producto 24,1691
208501,2022-09-27,Baja California,Producto 2,1834
379058,2023-05-05,Campeche,Producto 9,1100
101423,2022-05-11,Tamaulipas,Producto 24,2829
268715,2022-12-13,San Luis Potosí,Producto 16,2239
507729,2023-10-18,Chiapas,Producto 5,3898
645373,2024-04-12,San Luis Potosí,Producto 24,4200
9199,2022-01-12,Tamaulipas,Producto 25,2847
300035,2023-01-23,Chiapas,Producto 11,3348
636451,2024-04-01,Colima,Producto 2,1370
157585,2022-07-23,Guerrero,Producto 11,4936
155502,2022-07-20,Querétaro,Producto 3,4746
651171,2024-04-20,Coahuila,Producto 22,2928
314787,2023-02-11,Chihuahua,Producto 13,3712
657361,2024-04-28,Coahuila,Producto 12,1115
355650,2023-04-04,Veracruz,Producto 1,2337
430224,2023-07-10,Campeche,Producto 25,900
310204,2023-02-05,Durango,Producto 5,1235
319310,2023-02-17,Aguascalientes,Producto 11,967
825823,2024-12-01,Nuevo León,Producto 24,3910
68615,2022-03-30,Nayarit,Producto 16,1520
29437,2022-02-07,Zacatecas,Producto 13,1840
461589,2023-08-19,Oaxaca,Producto 15,1302
279242,2022-12-27,Guanajuato,Producto 18,4595
24068,2022-02-01,Baja California,Producto 19,3927
145922,2022-07-08,Durango,Producto 23,4080
6009,2022-01-08,Sinaloa,Producto 10,2897
57628,2022-03-16,Hidalgo,Producto 4,4703
322984,2023-02-21,Sinaloa,Producto 10,2445
40477,2022-02-22,Colima,Producto 3,3270
811926,2024-11-13,Querétaro,Producto 2,4502
290173,2023-01-10,Jalisco,Producto 24,3416
307614,2023-02-01,Veracruz,Producto 15,1022
310880,2023-02-06,Chiapas,Producto 6,3242
177172,2022-08-17,Oaxaca,Producto 23,2449
135891,2022-06-25,Guerrero,Producto 17,4772
418414,2023-06-24,Tlaxcala,Producto 15,2839
221121,2022-10-13,Guanajuato,Producto 22,3489
208920,2022-09-27,Nuevo León,Producto 21,1303
129342,2022-06-16,Tlaxcala,Producto 18,4050
729706,2024-07-30,Nuevo León,Producto 7,2074
773472,2024-09-25,Aguascalientes,Producto 23,2426
514232,2023-10-26,Nayarit,Producto 8,4291
757265,2024-09-04,Campeche,Producto 16,4948
679876,2024-05-27,Durango,Producto 2,4963
450325,2023-08-05,Baja California Sur,Producto 1,744
300392,2023-01-23,Oaxaca,Producto 18,915
368455,2023-04-21,México,Producto 6,3946
424591,2023-07-02,Tamaulipas,Producto 17,4382
404587,2023-06-07,Baja California,Producto 13,2235
326579,2023-02-26,Jalisco,Producto 5,1035
224770,2022-10-18,Aguascalientes,Producto 21,1721
626856,2024-03-19,Tamaulipas,Producto 7,1563
469872,2023-08-30,Durango,Producto 23,1676
787803,2024-10-13,Nayarit,Producto 4,2991
770959,2024-09-21,Sonora,Producto 10,3563
266882,2022-12-11,Hidalgo,Producto 8,4762
91177,2022-04-28,Querétaro,Producto 3,3516
343823,2023-03-20,Puebla,Producto 24,3662
497615,2023-10-05,Baja California Sur,Producto 16,594
493879,2023-09-30,Durango,Producto 5,1453
4905,2022-01-07,Guerrero,Producto 6,4053
441805,2023-07-25,Baja California Sur,Producto 6,3764
128025,2022-06-15,Coahuila,Producto 1,4958
724460,2024-07-23,Sonora,Producto 11,4740
44700,2022-02-27,Quintana Roo,Producto 1,2240
328378,2023-02-28,San Luis Potosí,Producto 4,4779
200092,2022-09-16,Chihuahua,Producto 18,667
306229,2023-01-31,Chiapas,Producto 5,2841
546806,2023-12-07,Nuevo León,Producto 7,2141
657278,2024-04-28,Campeche,Producto 4,1942
32941,2022-02-12,Morelos,Producto 17,3740
182802,2022-08-24,Tlaxcala,Producto 3,1262
307137,2023-02-01,Guanajuato,Producto 13,1645
483014,2023-09-16,Colima,Producto 15,3740
631584,2024-03-25,Yucatán,Producto 10,2524
832794,2024-12-10,Nuevo León,Producto 20,2198
43718,2022-02-26,Jalisco,Producto 19,4027
474458,2023-09-05,Coahuila,Producto 9,3981
79008,2022-04-12,Yucatán,Producto 9,1922
279233,2022-12-27,Guanajuato,Producto 9,3323
747419,2024-08-22,Jalisco,Producto 20,2712
783515,2024-10-07,Zacatecas,Producto 16,4719
714724,2024-07-11,Coahuila,Producto 25,577
59638,2022-03-18,Yucatán,Producto 14,4069
600803,2024-02-15,Colima,Producto 4,4613
643410,2024-04-10,Coahuila,Producto 11,3728
363923,2023-04-15,Nuevo León,Producto 24,1686
129,2022-01-01,Chihuahua,Producto 5,660
494926,2023-10-01,Puebla,Producto 2,985
671238,2024-05-16,Campeche,Producto 14,4244
678844,2024-05-25,Veracruz,Producto 20,4214
123930,2022-06-09,Veracruz,Producto 6,1350
620201,2024-03-11,Durango,Producto 2,4430
225053,2022-10-18,Jalisco,Producto 4,2896
813841,2024-11-16,Campeche,Producto 17,2660
85458,2022-04-21,Durango,Producto 9,2618
6502,2022-01-09,Jalisco,Producto 3,2616
519080,2023-11-01,Sonora,Producto 6,3656
725135,2024-07-24,Querétaro,Producto 11,3940
719636,2024-07-17,Nuevo León,Producto 12,629
277487,2022-12-25,Baja California,Producto 13,3614
179779,2022-08-20,Zacatecas,Producto 5,1644
13430,2022-01-18,Guerrero,Producto 6,3538
294129,2023-01-15,Nayarit,Producto 5,3074
727667,2024-07-27,Veracruz,Producto 18,783
18022,2022-01-24,Colima,Producto 23,1287
586079,2024-01-27,Colima,Producto 5,2631
411025,2023-06-15,Hidalgo,Producto 1,606
430976,2023-07-11,Campeche,Producto 2,3307
670581,2024-05-15,Durango,Producto 7,3040
631338,2024-03-25,Puebla,Producto 14,1667
81449,2022-04-16,Baja California Sur,Producto 25,2226
438359,2023-07-20,Puebla,Producto 10,1567
190971,2022-09-04,Jalisco,Producto 22,4720
577539,2024-01-16,Coahuila,Producto 15,4549
197984,2022-09-13,Michoacán,Producto 10,4183
395078,2023-05-25,Sonora,Producto 4,2146
356912,2023-04-06,Nayarit,Producto 13,2405
354638,2023-04-03,Oaxaca,Producto 14,690
310229,2023-02-05,Guanajuato,Producto 5,4567
739117,2024-08-11,Quintana Roo,Producto 18,3375
517779,2023-10-31,Campeche,Producto 5,4331
672214,2024-05-17,Hidalgo,Producto 15,4192
95710,2022-05-04,Morelos,Producto 11,3851
83565,2022-04-18,Tabasco,Producto 16,3407
289006,2023-01-08,Veracruz,Producto 7,2286
275906,2022-12-23,Aguascalientes,Producto 7,3544
381530,2023-05-08,Guanajuato,Producto 6,2469
272228,2022-12-18,Durango,Producto 4,3887
830433,2024-12-07,Nayarit,Producto 9,2078
24187,2022-02-01,Coahuila,Producto 13,2719
507377,2023-10-17,Quintana Roo,Producto 3,2093
17743,2022-01-23,Tlaxcala,Producto 19,3823
346123,2023-03-23,Oaxaca,Producto 24,2435
615385,2024-03-05,Baja California,Producto 11,1897
80105,2022-04-14,Hidalgo,Producto 6,2342
583069,2024-01-23,Guerrero,Producto 20,4829
801461,2024-10-31,Chiapas,Producto 12,4069
330321,2023-03-03,Coahuila,Producto 22,4682
420076,2023-06-27,Baja California,Producto 2,4782
650209,2024-04-18,Zacatecas,Producto 10,4413
116186,2022-05-30,Veracruz,Producto 12,2829
747136,2024-08-22,Baja California,Producto 12,2101
341413,2023-03-17,Nayarit,Producto 14,978
200660,2022-09-16,Veracruz,Producto 11,664
569395,2024-01-05,Quintana Roo,Producto 21,3337
396650,2023-05-27,Tabasco,Producto 1,4132
621570,2024-03-13,Aguascalientes,Producto 21,2712
752693,2024-08-29,Coahuila,Producto 19,2739
58199,2022-03-17,Baja California Sur,Producto 25,3617
577848,2024-01-16,Oaxaca,Producto 24,2513
806550,2024-11-06,San Luis Potosí,Producto 1,3356
835239,2024-12-13,San Luis Potosí,Producto 15,3160
809927,2024-11-11,Baja California Sur,Producto 3,4595
393361,2023-05-23,Nuevo León,Producto 12,1496
804192,2024-11-03,Querétaro,Producto 18,2616
389887,2023-05-19,Baja California Sur,Producto 13,1233
651912,2024-04-21,Chihuahua,Producto 13,1228
399590,2023-05-31,Oaxaca,Producto 16,3325
50814,2022-03-07,Nuevo León,Producto 15,2861
514513,2023-10-26,Tlaxcala,Producto 14,1374
251664,2022-11-21,San Luis Potosí,Producto 15,2217
539938,2023-11-28,Quintana Roo,Producto 14,2154
825181,2024-11-30,Sinaloa,Producto 7,4200
537166,2023-11-25,Campeche,Producto 17,4239
177196,2022-08-17,Puebla,Producto 22,801
574357,2024-01-12,Campeche,Producto 8,1038
5072,2022-01-07,Nayarit,Producto 23,4982
761579,2024-09-09,Quintana Roo,Producto 5,4027
136160,2022-06-25,Quintana Roo,Producto 11,1902
755236,2024-09-01,Morelos,Producto 12,3643
358790,2023-04-08,Yucatán,Producto 16,514
664455,2024-05-07,Hidalgo,Producto 6,3641
594298,2024-02-06,Tabasco,Producto 24,3813
606218,2024-02-22,Coahuila,Producto 19,4146
475761,2023-09-06,Tlaxcala,Producto 12,1049
116726,2022-05-31,Puebla,Producto 2,4984
149369,2022-07-12,San Luis Potosí,Producto 20,1813
133225,2022-06-21,Veracruz,Producto 1,3873
766472,2024-09-15,Zacatecas,Producto 23,3609
738521,2024-08-10,Veracruz,Producto 22,2530
603078,2024-02-18,Chihuahua,Producto 4,4259
671420,2024-05-16,Guerrero,Producto 21,651
310912,2023-02-06,Chihuahua,Producto 13,2618
728320,2024-07-28,Sinaloa,Producto 21,2026
354697,2023-04-03,Querétaro,Producto 23,2715
559033,2023-12-23,Guerrero,Producto 9,4450
621623,2024-03-13,Baja California Sur,Producto 24,3777
429252,2023-07-08,Tlaxcala,Producto 3,2111
478392,2023-09-10,Durango,Producto 18,3932
610617,2024-02-27,Tlaxcala,Producto 18,3704
257269,2022-11-28,Yucatán,Producto 20,1916
819725,2024-11-23,San Luis Potosí,Producto 1,1823
602884,2024-02-17,Veracruz,Producto 10,4449
309223,2023-02-03,Zacatecas,Producto 24,3672
687742,2024-06-06,Jalisco,Producto 18,4615
681356,2024-05-29,Chihuahua,Producto 7,3495
290623,2023-01-10,Zacatecas,Producto 24,4461
558961,2023-12-23,Colima,Producto 12,3776
6002,2022-01-08,Sinaloa,Producto 3,3235
222633,2022-10-15,Durango,Producto 9,2457
810456,2024-11-11,Sinaloa,Producto 7,3161
126392,2022-06-13,Baja California Sur,Producto 18,2658
567332,2024-01-03,Baja California,Producto 8,3955
128341,2022-06-15,Oaxaca,Producto 17,1556
688086,2024-06-06,Tamaulipas,Producto 12,4229
129478,2022-06-17,Baja California Sur,Producto 4,3625
653021,2024-04-22,Oaxaca,Producto 22,615
796783,2024-10-25,Campeche,Producto 9,613
49235,2022-03-05,Nayarit,Producto 11,1505
48365,2022-03-04,Jalisco,Producto 16,1431
627128,2024-03-20,Coahuila,Producto 4,1286
416533,2023-06-22,Michoacán,Producto 9,2745
383373,2023-05-10,Querétaro,Producto 24,1798
440775,2023-07-23,Sinaloa,Producto 1,1925
702758,2024-06-25,Sonora,Producto 9,890
624370,2024-03-16,Puebla,Producto 21,3560
687902,2024-06-06,Puebla,Producto 3,1468
261995,2022-12-05,Baja California,Producto 21,3441
274766,2022-12-21,Nayarit,Producto 17,4453
485291,2023-09-19,Chihuahua,Producto 17,4682
108038,2022-05-20,Jalisco,Producto 14,2206
304694,2023-01-29,Chiapas,Producto 20,840
261461,2022-12-04,Hidalgo,Producto 12,3072
195555,2022-09-10,Guerrero,Producto 6,3114
602508,2024-02-17,México,Producto 9,2955
90468,2022-04-27,San Luis Potosí,Producto 19,4287
195679,2022-09-10,Morelos,Producto 5,2363
673779,2024-05-19,Jalisco,Producto 5,2635
587093,2024-01-28,Nayarit,Producto 19,2285
632330,2024-03-26,Veracruz,Producto 6,3912
489123,2023-09-24,Campeche,Producto 24,966
362543,2023-04-13,Sonora,Producto 19,2024
810919,2024-11-12,Guerrero,Producto 20,1031
759829,2024-09-07,México,Producto 5,1711
725762,2024-07-25,Michoacán,Producto 13,2795
811187,2024-11-12,Quintana Roo,Producto 13,2757
639365,2024-04-04,Zacatecas,Producto 16,3817
44686,2022-02-27,Querétaro,Producto 12,556
199825,2022-09-15,Tamaulipas,Producto 1,2467
96575,2022-05-05,Puebla,Producto 1,4450
186680,2022-08-29,Tlaxcala,Producto 6,771
43946,2022-02-26,Quintana Roo,Producto 22,2762
495242,2023-10-02,Aguascalientes,Producto 18,1530
77502,2022-04-11,Aguascalientes,Producto 3,3345
698849,2024-06-20,San Luis Potosí,Producto 25,4016
17693,2022-01-23,Tabasco,Producto 19,1075
469175,2023-08-29,Jalisco,Producto 1,1719
631679,2024-03-26,Baja California Sur,Producto 5,3408
378310,2023-05-04,Chiapas,Producto 11,4535
377901,2023-05-03,Puebla,Producto 2,3995
244313,2022-11-12,Colima,Producto 14,3732
376990,2023-05-02,México,Producto 16,1029
799042,2024-10-28,Aguascalientes,Producto 18,3919
297426,2023-01-19,Sonora,Producto 2,4442
398166,2023-05-29,Sinaloa,Producto 17,2278
319506,2023-02-17,Durango,Producto 7,772
239592,2022-11-06,Chiapas,Producto 18,3220
614870,2024-03-04,Hidalgo,Producto 21,1252
643172,2024-04-09,Tlaxcala,Producto 23,2839
410790,2023-06-15,Baja California,Producto 16,1938
350818,2023-03-29,Querétaro,Producto 19,1268
57305,2022-03-15,Yucatán,Producto 6,2154
816705,2024-11-19,Tabasco,Producto 6,4637
511046,2023-10-22,Jalisco,Producto 22,3240
786236,2024-10-11,Morelos,Producto 12,840
591165,2024-02-02,Sonora,Producto 16,4144
164279,2022-07-31,Zacatecas,Producto 5,4086
769107,2024-09-19,Jalisco,Producto 8,1075
367376,2023-04-20,Baja California,Producto 2,1418
606271,2024-02-22,Durango,Producto 22,2002
474934,2023-09-05,Tabasco,Producto 10,1346
294877,2023-01-16,Morelos,Producto 3,2750
513653,2023-10-25,Sonora,Producto 4,4691
37905,2022-02-18,Veracruz,Producto 6,1859
703739,2024-06-27,Baja California,Producto 15,2731
283362,2023-01-01,Puebla,Producto 13,1146
678458,2024-05-25,México,Producto 9,1484
378593,2023-05-04,Morelos,Producto 19,2778
75660,2022-04-08,Puebla,Producto 11,2564
413198,2023-06-18,Chiapas,Producto 24,3984
545153,2023-12-05,México,Producto 4,3979
306193,2023-01-31,Baja California Sur,Producto 19,3670
337636,2023-03-12,Querétaro,Producto 12,2847
398030,2023-05-29,Oaxaca,Producto 6,4482
366314,2023-04-18,Querétaro,Producto 15,2334
288422,2023-01-08,Chiapas,Producto 23,3118
348496,2023-03-26,Querétaro,Producto 22,2972
66259,2022-03-27,Morelos,Producto 10,1379
268673,2022-12-13,Querétaro,Producto 24,2449
509563,2023-10-20,Morelos,Producto 14,1353
753945,2024-08-30,Tabasco,Producto 21,4527
567744,2024-01-03,Nuevo León,Producto 20,2927
825269,2024-11-30,Tamaulipas,Producto 20,3083
700450,2024-06-22,Tabasco,Producto 1,2685
94673,2022-05-03,Chiapas,Producto 24,4422
308962,2023-02-03,Querétaro,Producto 13,4318
121892,2022-06-07,Durango,Producto 18,4204
711975,2024-07-07,Quintana Roo,Producto 1,2362
451056,2023-08-06,Aguascalientes,Producto 7,2686
